{
  "accuracy": 0.938953488372093,
  "precision": 0.9391054417267889,
  "recall": 0.938953488372093,
  "f1_score": 0.9389249140346955,
  "precision_non_cry": 0.946559015763168,
  "recall_non_cry": 0.9259119969913502,
  "f1_score_non_cry": 0.9361216730038023,
  "precision_cry": 0.9321391663796073,
  "recall_cry": 0.9511423550087873,
  "f1_score_cry": 0.941544885177453,
  "roc_auc": 0.9872227557567198,
  "pr_auc": 0.9891601131185528,
  "average_precision": 0.9891618997679072,
  "confusion_matrix": [
    [
      2462,
      197
    ],
    [
      139,
      2706
    ]
  ],
  "classification_report": {
    "non_cry": {
      "precision": 0.946559015763168,
      "recall": 0.9259119969913502,
      "f1-score": 0.9361216730038023,
      "support": 2659.0
    },
    "cry": {
      "precision": 0.9321391663796073,
      "recall": 0.9511423550087873,
      "f1-score": 0.941544885177453,
      "support": 2845.0
    },
    "accuracy": 0.938953488372093,
    "macro avg": {
      "precision": 0.9393490910713876,
      "recall": 0.9385271760000687,
      "f1-score": 0.9388332790906277,
      "support": 5504.0
    },
    "weighted avg": {
      "precision": 0.9391054417267889,
      "recall": 0.938953488372093,
      "f1-score": 0.9389249140346955,
      "support": 5504.0
    }
  }
}