{
  "accuracy": 0.9487317862924987,
  "precision": 0.9488632917079134,
  "recall": 0.9487317862924987,
  "f1_score": 0.9487353700694332,
  "precision_non_cry": 0.9568500539374326,
  "recall_non_cry": 0.9416135881104034,
  "f1_score_non_cry": 0.9491706795077581,
  "precision_cry": 0.9406047516198704,
  "recall_cry": 0.9560922063666301,
  "f1_score_cry": 0.9482852476864453,
  "roc_auc": 0.9889269158969984,
  "pr_auc": 0.989785058618878,
  "average_precision": 0.9897890680161753,
  "confusion_matrix": [
    [
      887,
      55
    ],
    [
      40,
      871
    ]
  ],
  "classification_report": {
    "non_cry": {
      "precision": 0.9568500539374326,
      "recall": 0.9416135881104034,
      "f1-score": 0.9491706795077581,
      "support": 942.0
    },
    "cry": {
      "precision": 0.9406047516198704,
      "recall": 0.9560922063666301,
      "f1-score": 0.9482852476864453,
      "support": 911.0
    },
    "accuracy": 0.9487317862924987,
    "macro avg": {
      "precision": 0.9487274027786515,
      "recall": 0.9488528972385167,
      "f1-score": 0.9487279635971018,
      "support": 1853.0
    },
    "weighted avg": {
      "precision": 0.9488632917079134,
      "recall": 0.9487317862924987,
      "f1-score": 0.9487353700694332,
      "support": 1853.0
    }
  }
}