{
  "accuracy": 0.9579060982191041,
  "precision": 0.957945928689877,
  "recall": 0.9579060982191041,
  "f1_score": 0.9579081580587331,
  "precision_non_cry": 0.962486602357985,
  "recall_non_cry": 0.9543039319872476,
  "f1_score_non_cry": 0.9583778014941302,
  "precision_cry": 0.9532608695652174,
  "recall_cry": 0.9616228070175439,
  "f1_score_cry": 0.9574235807860262,
  "roc_auc": 0.9917326192740086,
  "pr_auc": 0.9914258794071956,
  "average_precision": 0.9914309503004337,
  "confusion_matrix": [
    [
      898,
      43
    ],
    [
      35,
      877
    ]
  ],
  "classification_report": {
    "non_cry": {
      "precision": 0.962486602357985,
      "recall": 0.9543039319872476,
      "f1-score": 0.9583778014941302,
      "support": 941.0
    },
    "cry": {
      "precision": 0.9532608695652174,
      "recall": 0.9616228070175439,
      "f1-score": 0.9574235807860262,
      "support": 912.0
    },
    "accuracy": 0.9579060982191041,
    "macro avg": {
      "precision": 0.9578737359616012,
      "recall": 0.9579633695023957,
      "f1-score": 0.9579006911400783,
      "support": 1853.0
    },
    "weighted avg": {
      "precision": 0.957945928689877,
      "recall": 0.9579060982191041,
      "f1-score": 0.9579081580587331,
      "support": 1853.0
    }
  }
}