{
  "accuracy": 0.9686994063680519,
  "precision": 0.9687487549992746,
  "recall": 0.9686994063680519,
  "f1_score": 0.9686958495736117,
  "precision_non_cry": 0.964248159831756,
  "recall_non_cry": 0.9744952178533475,
  "f1_score_non_cry": 0.9693446088794926,
  "precision_cry": 0.9733924611973392,
  "recall_cry": 0.9627192982456141,
  "f1_score_cry": 0.9680264608599779,
  "roc_auc": 0.9958529093722617,
  "pr_auc": 0.9954947908705832,
  "average_precision": 0.9954975582126626,
  "confusion_matrix": [
    [
      917,
      24
    ],
    [
      34,
      878
    ]
  ],
  "classification_report": {
    "non_cry": {
      "precision": 0.964248159831756,
      "recall": 0.9744952178533475,
      "f1-score": 0.9693446088794926,
      "support": 941.0
    },
    "cry": {
      "precision": 0.9733924611973392,
      "recall": 0.9627192982456141,
      "f1-score": 0.9680264608599779,
      "support": 912.0
    },
    "accuracy": 0.9686994063680519,
    "macro avg": {
      "precision": 0.9688203105145476,
      "recall": 0.9686072580494808,
      "f1-score": 0.9686855348697352,
      "support": 1853.0
    },
    "weighted avg": {
      "precision": 0.9687487549992746,
      "recall": 0.9686994063680519,
      "f1-score": 0.9686958495736117,
      "support": 1853.0
    }
  }
}