{
  "accuracy": 0.9523982558139535,
  "precision": 0.952635926514332,
  "recall": 0.9523982558139535,
  "f1_score": 0.9524039132561977,
  "precision_non_cry": 0.9414970930232558,
  "recall_non_cry": 0.962481426448737,
  "f1_score_non_cry": 0.9518736223365173,
  "precision_cry": 0.9632994186046512,
  "recall_cry": 0.9427453769559033,
  "f1_score_cry": 0.9529115744069016,
  "roc_auc": 0.9924733523701225,
  "pr_auc": 0.9934255830732645,
  "average_precision": 0.9934266695135348,
  "confusion_matrix": [
    [
      2591,
      101
    ],
    [
      161,
      2651
    ]
  ],
  "classification_report": {
    "non_cry": {
      "precision": 0.9414970930232558,
      "recall": 0.962481426448737,
      "f1-score": 0.9518736223365173,
      "support": 2692.0
    },
    "cry": {
      "precision": 0.9632994186046512,
      "recall": 0.9427453769559033,
      "f1-score": 0.9529115744069016,
      "support": 2812.0
    },
    "accuracy": 0.9523982558139535,
    "macro avg": {
      "precision": 0.9523982558139534,
      "recall": 0.9526134017023202,
      "f1-score": 0.9523925983717094,
      "support": 5504.0
    },
    "weighted avg": {
      "precision": 0.952635926514332,
      "recall": 0.9523982558139535,
      "f1-score": 0.9524039132561977,
      "support": 5504.0
    }
  }
}