{
  "accuracy": 0.9584457636265515,
  "precision": 0.9585021783870706,
  "recall": 0.9584457636265515,
  "f1_score": 0.9584401695343928,
  "precision_non_cry": 0.9538300104931794,
  "recall_non_cry": 0.964968152866242,
  "f1_score_non_cry": 0.9593667546174143,
  "precision_cry": 0.9633333333333334,
  "recall_cry": 0.9517014270032931,
  "f1_score_cry": 0.9574820541137493,
  "roc_auc": 0.9927379678895127,
  "pr_auc": 0.9929880116198155,
  "average_precision": 0.9929916851549712,
  "confusion_matrix": [
    [
      909,
      33
    ],
    [
      44,
      867
    ]
  ],
  "classification_report": {
    "non_cry": {
      "precision": 0.9538300104931794,
      "recall": 0.964968152866242,
      "f1-score": 0.9593667546174143,
      "support": 942.0
    },
    "cry": {
      "precision": 0.9633333333333334,
      "recall": 0.9517014270032931,
      "f1-score": 0.9574820541137493,
      "support": 911.0
    },
    "accuracy": 0.9584457636265515,
    "macro avg": {
      "precision": 0.9585816719132564,
      "recall": 0.9583347899347676,
      "f1-score": 0.9584244043655819,
      "support": 1853.0
    },
    "weighted avg": {
      "precision": 0.9585021783870706,
      "recall": 0.9584457636265515,
      "f1-score": 0.9584401695343928,
      "support": 1853.0
    }
  }
}