{
  "train_loss": [
    0.03928222983729008,
    0.024290485480843588,
    0.020113946523430737,
    0.018293907692612604,
    0.017648530235990535,
    0.01662607179131619,
    0.014901088485710843,
    0.01548726705097875,
    0.015367608474091042,
    0.014564306107024813,
    0.013697651972950892,
    0.013075309155812098,
    0.013044103460256444,
    0.012656357485887617,
    0.012977145157407883,
    0.010928873449217441,
    0.013005586405999438,
    0.012135428755522468,
    0.010789856119731139,
    0.011099068036432876,
    0.010894422473515882,
    0.010396927486845228,
    0.010686459463782782,
    0.010218319602224022,
    0.010392512227300294,
    0.01042358058526419,
    0.01053008081954579,
    0.010401559224742096,
    0.010463619832122741,
    0.009809202460442172,
    0.00944346570691397,
    0.009731098478876574,
    0.010130812164915855,
    0.009075868744836298,
    0.00881096717446696,
    0.009338464338852222,
    0.009501744170001773,
    0.009256251177988773,
    0.008914482140870289,
    0.008770012935666843,
    0.008398912413868793,
    0.008847152770951737,
    0.008332928209457286,
    0.008489432040775237,
    0.008012502811589214,
    0.008057152213485436,
    0.008994007201562093,
    0.007929117050628329,
    0.007914404211522535
  ],
  "train_acc": [
    0.6171875,
    0.7916061046511628,
    0.8404796511627907,
    0.8595566860465116,
    0.8613735465116279,
    0.8688226744186046,
    0.8800872093023255,
    0.8777252906976745,
    0.8726380813953488,
    0.8853561046511628,
    0.8900799418604651,
    0.901344476744186,
    0.9024345930232558,
    0.9017078488372093,
    0.8975290697674418,
    0.9160610465116279,
    0.8964389534883721,
    0.9078851744186046,
    0.9242369186046512,
    0.9153343023255814,
    0.9166061046511628,
    0.915515988372093,
    0.9164244186046512,
    0.9240552325581395,
    0.9240552325581395,
    0.918968023255814,
    0.9173328488372093,
    0.9180595930232558,
    0.9215116279069767,
    0.9238735465116279,
    0.9269622093023255,
    0.9295058139534884,
    0.9167877906976745,
    0.9300508720930233,
    0.9336845930232558,
    0.9355014534883721,
    0.9289607558139535,
    0.9296875,
    0.9331395348837209,
    0.9373183139534884,
    0.9382267441860465,
    0.9342296511627907,
    0.934593023255814,
    0.9373183139534884,
    0.9373183139534884,
    0.9371366279069767,
    0.9364098837209303,
    0.9391351744186046,
    0.9416787790697675
  ],
  "val_loss": [
    0.0221817455564936,
    0.018277036460737386,
    0.013889895131190618,
    0.013700761087238788,
    0.010609381087124347,
    0.012490273267030717,
    0.01291007101535797,
    0.011039617533485094,
    0.010142770502716303,
    0.00957569886619846,
    0.010011684925605854,
    0.00958458020662268,
    0.008338833103577296,
    0.01031747693195939,
    0.009606250592817863,
    0.008075879778092106,
    0.007307233149185776,
    0.008032756003861627,
    0.0076293320550272865,
    0.006654092095171412,
    0.007641128140191237,
    0.007720534348239502,
    0.006479058492307861,
    0.008386850326011578,
    0.006989917298778891,
    0.006846413078407446,
    0.008119191322475672,
    0.007789927317450444,
    0.006228794778386752,
    0.007484562632938226,
    0.007865601327891152,
    0.007439616741612554,
    0.006194776762276888,
    0.007819101260975004,
    0.007038398451792697,
    0.006144580726201335,
    0.006774783770864209,
    0.008129504742100835,
    0.007241257512941956,
    0.006727490139504274,
    0.0059651952547331655,
    0.005958867616330584,
    0.006979175827776392,
    0.005846404780944188,
    0.006432168449585636,
    0.006316328685109814,
    0.005647467713182171,
    0.006728873619188865,
    0.005261236522346735
  ],
  "val_acc": [
    0.8224500809498111,
    0.8667026443604965,
    0.8823529411764706,
    0.9087965461413924,
    0.9233675121424717,
    0.9098758769562871,
    0.9255261737722612,
    0.9201295196977873,
    0.9217485159201295,
    0.9325418240690772,
    0.937938478143551,
    0.9363194819212088,
    0.9433351322180248,
    0.9390178089584458,
    0.9487317862924987,
    0.9465731246627092,
    0.9498111171073934,
    0.9525094441446303,
    0.9514301133297356,
    0.9584457636265515,
    0.9525094441446303,
    0.9552077711818673,
    0.9627630868861305,
    0.9568267674042094,
    0.9541284403669725,
    0.9600647598488937,
    0.9508904479222882,
    0.9498111171073934,
    0.9595250944414463,
    0.9568267674042094,
    0.9600647598488937,
    0.9595250944414463,
    0.9638424177010254,
    0.9622234214786832,
    0.9649217485159202,
    0.9670804101457097,
    0.9600647598488937,
    0.9541284403669725,
    0.9627630868861305,
    0.963302752293578,
    0.963302752293578,
    0.9703184025903939,
    0.9627630868861305,
    0.9616837560712358,
    0.963302752293578,
    0.9616837560712358,
    0.9622234214786832,
    0.9600647598488937,
    0.9692390717754992
  ],
  "learning_rates": [
    0.0001,
    0.0001,
    0.0001,
    0.0001,
    0.0001,
    0.0001,
    0.0001,
    0.0001,
    0.0001,
    0.0001,
    0.0001,
    0.0001,
    0.0001,
    0.0001,
    0.0001,
    0.0001,
    0.0001,
    0.0001,
    0.0001,
    0.0001,
    0.0001,
    0.0001,
    0.0001,
    0.0001,
    0.0001,
    0.0001,
    0.0001,
    0.0001,
    0.0001,
    0.0001,
    0.0001,
    0.0001,
    0.0001,
    0.0001,
    0.0001,
    0.0001,
    0.0001,
    0.0001,
    0.0001,
    0.0001,
    0.0001,
    0.0001,
    0.0001,
    0.0001,
    0.0001,
    0.0001,
    0.0001,
    0.0001,
    0.0001
  ]
}